{"S2014119": {"2014119-D20141029-T172311.raw": {"OriginalFileSize": 157310564, "CompresseFileSize": 55268432, "CompressRatio": 0.35133325184696435}}, "S2019842_PVENDLA_3206": {"D20190214-T191545.raw": {"OriginalFileSize": 122936884, "CompresseFileSize": 16790061, "CompressRatio": 0.13657464264345598}}, "S2007205": {"2007205-D20070421-T085415.raw": {"OriginalFileSize": 104870108, "CompresseFileSize": 62323134, "CompressRatio": 0.5942888320473552}}, "D2019006": {"2019703_st126-D20190512-T185707.raw": {"OriginalFileSize": 1074571500, "CompresseFileSize": 9827148, "CompressRatio": 0.00914517833387541}}, "S2020821": {"2020821-D20200426-T134013.raw": {"OriginalFileSize": 209728836, "CompresseFileSize": 90477260, "CompressRatio": 0.4314011450480753}}, "S2010205": {"2010205-D20100509-T174631.raw": {"OriginalFileSize": 104865832, "CompresseFileSize": 58861725, "CompressRatio": 0.5613050874378225}}, "PFA_20190319_SCH302": {"D20190319-T055013.raw": {"OriginalFileSize": 105868580, "CompresseFileSize": 1801709, "CompressRatio": 0.017018354265259817}}, "NUUKWBAT": {"WBAT1_2019-2020_Nuuk-Phase0-D20200301-T170014-0-pp.raw": {"OriginalFileSize": 2176559, "CompresseFileSize": 227293, "CompressRatio": 0.10442767689734117}}, "D2023001": {"2023001004-D20230321-T125022.raw": {"OriginalFileSize": 1053565400, "CompresseFileSize": 6589952, "CompressRatio": 0.006254905485696474}}, "S2016837_2": {"2016837-D20160509-T123318.raw": {"OriginalFileSize": 104862704, "CompresseFileSize": 53537949, "CompressRatio": 0.510552817711052}}, "PFA_20200418_ROS171": {"D20200418-T074250.raw": {"OriginalFileSize": 262160324, "CompresseFileSize": 97264244, "CompressRatio": 0.37101054238855763}}, "PFA_20200409_SCH302": {"D20200409-T193326.raw": {"OriginalFileSize": 262311716, "CompresseFileSize": 7562290, "CompressRatio": 0.028829402343584228}}, "S2014807": {"2014807-D20140429-T053318.raw": {"OriginalFileSize": 421317280, "CompresseFileSize": 69969608, "CompressRatio": 0.1660734352030375}}, "S2012817": {"2012837-D20120426-T103441.raw": {"OriginalFileSize": 58469772, "CompresseFileSize": 18092659, "CompressRatio": 0.3094361134160058}}, "PFA_20170428_SCH302": {"D20170428-T045748.raw": {"OriginalFileSize": 67688286, "CompresseFileSize": 31583804, "CompressRatio": 0.46660664446430217}}, "S2016837": {"2016837-D20160503-T093515.raw": {"OriginalFileSize": 104871028, "CompresseFileSize": 41595642, "CompressRatio": 0.3966361615145033}}, "PFA_20180407_SCH302": {"D20180407-T001607.raw": {"OriginalFileSize": 67562712, "CompresseFileSize": 25265663, "CompressRatio": 0.37395868596867454}}, "S2017843": {"2017843-D20170501-T181048.raw": {"OriginalFileSize": 65008760, "CompresseFileSize": 17032930, "CompressRatio": 0.26200976606844983}}, "S2005114": {"tokt2005114-D20051118-T062010.raw": {"OriginalFileSize": 157302568, "CompresseFileSize": 44332343, "CompressRatio": 0.28182847593435345}}, "S2006101": {"tokt2006101-D20060124-T030844.raw": {"OriginalFileSize": 157294128, "CompresseFileSize": 76655422, "CompressRatio": 0.48733810330160576}}, "S2024002006_PJOHANHJORT_1019": {"2024002006-D20240513-T200129.raw": {"OriginalFileSize": 1048693284, "CompresseFileSize": 402390992, "CompressRatio": 0.3837070363082443}}, "S2017838": {"2017838-D20170214-T162637.raw": {"OriginalFileSize": 104895092, "CompresseFileSize": 38548836, "CompressRatio": 0.3674989483778707}}, "S2012837": {"2012837-D20120426-T012626.raw": {"OriginalFileSize": 104868908, "CompresseFileSize": 47950124, "CompressRatio": 0.45723870796861926}}, "S2010205_2": {"2010205-D20100421-T031013.raw": {"OriginalFileSize": 104858004, "CompresseFileSize": 22982650, "CompressRatio": 0.2191787858178189}}, "S2009107": {"2009107-D20090522-T040634.raw": {"OriginalFileSize": 157296436, "CompresseFileSize": 80979493, "CompressRatio": 0.5148209016000845}}, "PFA_20190419_H72": {"D20190419-T172527.raw": {"OriginalFileSize": 262145936, "CompresseFileSize": 111984568, "CompressRatio": 0.42718407047897167}}, "PFA_20200329_GDY151": {"D20200330-T021504.raw": {"OriginalFileSize": 262148752, "CompresseFileSize": 105171477, "CompressRatio": 0.40119007318409816}}, "S2025302001_PFRIDA_10319": {"2025302005-D20250429-T142408.raw": {"OriginalFileSize": 524323128, "CompresseFileSize": 296798925, "CompressRatio": 0.5660610969653812}}}