{"S2014119": {"2014119-D20141029-T172311.raw": {"OriginalFileSize": 157310564, "CompresseFileSize": 62177257, "CompressRatio": 0.39525163103477273}}, "S2019842_PVENDLA_3206": {"D20190214-T191545.raw": {"OriginalFileSize": 122936884, "CompresseFileSize": 18959172, "CompressRatio": 0.15421874528721582}}, "S2007205": {"2007205-D20070421-T085415.raw": {"OriginalFileSize": 104870108, "CompresseFileSize": 64862314, "CompressRatio": 0.6185014513382593}}, "D2019006": {"2019703_st126-D20190512-T185707.raw": {"OriginalFileSize": 1074571500, "CompresseFileSize": 10450243, "CompressRatio": 0.009725032722345605}}, "S2020821": {"2020821-D20200426-T134013.raw": {"OriginalFileSize": 209728836, "CompresseFileSize": 104801711, "CompressRatio": 0.49970100916404264}}, "S2010205": {"2010205-D20100509-T174631.raw": {"OriginalFileSize": 104865832, "CompresseFileSize": 64871557, "CompressRatio": 0.6186148124967912}}, "PFA_20190319_SCH302": {"D20190319-T055013.raw": {"OriginalFileSize": 105868580, "CompresseFileSize": 1822899, "CompressRatio": 0.017218508078600845}}, "NUUKWBAT": {"WBAT1_2019-2020_Nuuk-Phase0-D20200301-T170014-0-pp.raw": {"OriginalFileSize": 2176559, "CompresseFileSize": 234843, "CompressRatio": 0.10789645490887222}}, "D2023001": {"2023001004-D20230321-T125022.raw": {"OriginalFileSize": 1053565400, "CompresseFileSize": 6705668, "CompressRatio": 0.006364738249756493}}, "S2016837_2": {"2016837-D20160509-T123318.raw": {"OriginalFileSize": 104862704, "CompresseFileSize": 62459498, "CompressRatio": 0.5956311979137978}}, "PFA_20200418_ROS171": {"D20200418-T074250.raw": {"OriginalFileSize": 262160324, "CompresseFileSize": 100137622, "CompressRatio": 0.38197092707285485}}, "PFA_20200409_SCH302": {"D20200409-T193326.raw": {"OriginalFileSize": 262311716, "CompresseFileSize": 7654577, "CompressRatio": 0.029181224219508365}}, "S2014807": {"2014807-D20140429-T053318.raw": {"OriginalFileSize": 421317280, "CompresseFileSize": 77461293, "CompressRatio": 0.18385501064660817}}, "S2012817": {"2012837-D20120426-T103441.raw": {"OriginalFileSize": 58469772, "CompresseFileSize": 21470929, "CompressRatio": 0.367214173504901}}, "PFA_20170428_SCH302": {"D20170428-T045748.raw": {"OriginalFileSize": 67688286, "CompresseFileSize": 31814346, "CompressRatio": 0.47001258090653975}}, "S2016837": {"2016837-D20160503-T093515.raw": {"OriginalFileSize": 104871028, "CompresseFileSize": 47661652, "CompressRatio": 0.4544787336307984}}, "PFA_20180407_SCH302": {"D20180407-T001607.raw": {"OriginalFileSize": 67562712, "CompresseFileSize": 25465262, "CompressRatio": 0.3769129634701461}}, "S2017843": {"2017843-D20170501-T181048.raw": {"OriginalFileSize": 65008760, "CompresseFileSize": 20801723, "CompressRatio": 0.31998338377781704}}, "S2005114": {"tokt2005114-D20051118-T062010.raw": {"OriginalFileSize": 157302568, "CompresseFileSize": 48196980, "CompressRatio": 0.3063966508162791}}, "S2006101": {"tokt2006101-D20060124-T030844.raw": {"OriginalFileSize": 157294128, "CompresseFileSize": 81220132, "CompressRatio": 0.5163583220347552}}, "S2024002006_PJOHANHJORT_1019": {"2024002006-D20240513-T200129.raw": {"OriginalFileSize": 1048693284, "CompresseFileSize": 409500128, "CompressRatio": 0.39048607848240974}}, "S2017838": {"2017838-D20170214-T162637.raw": {"OriginalFileSize": 104895092, "CompresseFileSize": 40412806, "CompressRatio": 0.3852687978957109}}, "S2012837": {"2012837-D20120426-T012626.raw": {"OriginalFileSize": 104868908, "CompresseFileSize": 54014234, "CompressRatio": 0.5150643315557363}}, "S2010205_2": {"2010205-D20100421-T031013.raw": {"OriginalFileSize": 104858004, "CompresseFileSize": 28987928, "CompressRatio": 0.27644935907801566}}, "S2009107": {"2009107-D20090522-T040634.raw": {"OriginalFileSize": 157296436, "CompresseFileSize": 94246442, "CompressRatio": 0.5991645099956365}}, "PFA_20190419_H72": {"D20190419-T172527.raw": {"OriginalFileSize": 262145936, "CompresseFileSize": 114980358, "CompressRatio": 0.43861201800206434}}, "PFA_20200329_GDY151": {"D20200330-T021504.raw": {"OriginalFileSize": 262148752, "CompresseFileSize": 107565351, "CompressRatio": 0.41032181225108405}}, "S2025302001_PFRIDA_10319": {"2025302005-D20250429-T142408.raw": {"OriginalFileSize": 524323128, "CompresseFileSize": 301045904, "CompressRatio": 0.5741610238486371}}}