{"D2019006": {"2019703_st126-D20190512-T185949.raw": {"OriginalFileSize": 1074571500, "CompresseFileSize": 5936764, "CompressRatio": 0.00552477336314987}}, "D2023001": {"2023001004-D20230321-T125209.raw": {"OriginalFileSize": 1053566088, "CompresseFileSize": 10987488, "CompressRatio": 0.01042885503353445}}, "NUUKWBAT": {"WBAT1_2019-2020_Nuuk-Phase0-D20200301-T170014-0-pp.raw": {"OriginalFileSize": 2176559, "CompresseFileSize": 427425, "CompressRatio": 0.19637648232829893}}, "PFA_20170428_SCH302": {"D20170428-T050148.raw": {"OriginalFileSize": 67707665, "CompresseFileSize": 13524879, "CompressRatio": 0.19975403080286405}}, "PFA_20180407_SCH302": {"D20180407-T001949.raw": {"OriginalFileSize": 67563071, "CompresseFileSize": 10731096, "CompressRatio": 0.15883079086206725}}, "PFA_20190319_SCH302": {"D20190319-T055013.raw": {"OriginalFileSize": 105868580, "CompresseFileSize": 2179207, "CompressRatio": 0.020584076975435017}}, "PFA_20190419_H72": {"D20190419-T172527.raw": {"OriginalFileSize": 262145936, "CompresseFileSize": 121606950, "CompressRatio": 0.4638902736985402}}, "PFA_20200329_GDY151": {"D20200330-T021504.raw": {"OriginalFileSize": 262148752, "CompresseFileSize": 165009919, "CompressRatio": 0.629451476465545}}, "PFA_20200409_SCH302": {"D20200409-T193326.raw": {"OriginalFileSize": 262311716, "CompresseFileSize": 5838326, "CompressRatio": 0.022257206384178434}}, "PFA_20200418_ROS171": {"D20200418-T074250.raw": {"OriginalFileSize": 262160324, "CompresseFileSize": 114643822, "CompressRatio": 0.4373042428800172}}, "S2005114": {"tokt2005114-D20051118-T062010.raw": {"OriginalFileSize": 157302568, "CompresseFileSize": 87067451, "CompressRatio": 0.5535030489775602}}, "S2006101": {"tokt2006101-D20060124-T030844.raw": {"OriginalFileSize": 157294128, "CompresseFileSize": 105069764, "CompressRatio": 0.6679827488537906}}, "S2007205": {"2007205-D20070421-T085415.raw": {"OriginalFileSize": 104870108, "CompresseFileSize": 61653744, "CompressRatio": 0.5879057929453072}}, "S2009107": {"2009107-D20090522-T040634.raw": {"OriginalFileSize": 157296436, "CompresseFileSize": 114297747, "CompressRatio": 0.7266391401264807}}, "S2010205": {"2010205-D20100509-T174631.raw": {"OriginalFileSize": 104865832, "CompresseFileSize": 87625783, "CompressRatio": 0.8355989870942901}}, "S2010205_2": {"2010205-D20100421-T031013.raw": {"OriginalFileSize": 104858004, "CompresseFileSize": 74980656, "CompressRatio": 0.7150685034973582}}, "S2012817": {"2012837-D20120426-T103441.raw": {"OriginalFileSize": 58469772, "CompresseFileSize": 59890429, "CompressRatio": 1.0242972898885256}}, "S2012837": {"2012837-D20120426-T012626.raw": {"OriginalFileSize": 104868908, "CompresseFileSize": 93879456, "CompressRatio": 0.8952077197180311}}, "S2014119": {"2014119-D20141029-T172311.raw": {"OriginalFileSize": 157310564, "CompresseFileSize": 86748746, "CompressRatio": 0.5514489541846662}}, "S2014807": {"2014807-D20140429-T053318.raw": {"OriginalFileSize": 421317280, "CompresseFileSize": 325699166, "CompressRatio": 0.7730496266376732}}, "S2016837": {"2016837-D20160503-T093515.raw": {"OriginalFileSize": 104871028, "CompresseFileSize": 55087824, "CompressRatio": 0.5252911604909604}}, "S2016837_2": {"2016837-D20160509-T123318.raw": {"OriginalFileSize": 104862704, "CompresseFileSize": 83646151, "CompressRatio": 0.7976730315861396}}, "S2017838": {"2017838-D20170214-T162637.raw": {"OriginalFileSize": 104895092, "CompresseFileSize": 66600238, "CompressRatio": 0.6349223469864539}}, "S2017843": {"2017843-D20170502-T054826.raw": {"OriginalFileSize": 29564184, "CompresseFileSize": 24312043, "CompressRatio": 0.8223478449464392}}, "S2019842_PVENDLA_3206": {"D20190214-T194730.raw": {"OriginalFileSize": 128302144, "CompresseFileSize": 76980168, "CompressRatio": 0.5999912830762983}}, "S2020821": {"2020821-D20200426-T134013.raw": {"OriginalFileSize": 209728836, "CompresseFileSize": 139225243, "CompressRatio": 0.6638345286959014}}, "S2024002006_PJOHANHJORT_1019": {"2024002006-D20240513-T204721.raw": {"OriginalFileSize": 1048693596, "CompresseFileSize": 260501241, "CompressRatio": 0.24840548468458465}}}