{"D2019006": {"2019703_st126-D20190512-T185949.raw": {"OriginalFileSize": 1074571500, "CompresseFileSize": 4530912, "CompressRatio": 0.004216482570029077}}, "D2023001": {"2023001004-D20230321-T125209.raw": {"OriginalFileSize": 1053566088, "CompresseFileSize": 4813804, "CompressRatio": 0.004569057465714481}}, "NUUKWBAT": {"WBAT1_2019-2020_Nuuk-Phase0-D20200301-T170014-0-pp.raw": {"OriginalFileSize": 2176559, "CompresseFileSize": 215291, "CompressRatio": 0.09891346846099738}}, "PFA_20170428_SCH302": {"D20170428-T050148.raw": {"OriginalFileSize": 67707665, "CompresseFileSize": 16164489, "CompressRatio": 0.23873942484946128}}, "PFA_20180407_SCH302": {"D20180407-T001949.raw": {"OriginalFileSize": 67563071, "CompresseFileSize": 13069430, "CompressRatio": 0.19344043730635038}}, "PFA_20190319_SCH302": {"D20190319-T055013.raw": {"OriginalFileSize": 105868580, "CompresseFileSize": 1122241, "CompressRatio": 0.010600321644060967}}, "PFA_20190419_H72": {"D20190419-T172527.raw": {"OriginalFileSize": 262145936, "CompresseFileSize": 43807234, "CompressRatio": 0.1671101016038639}}, "PFA_20200329_GDY151": {"D20200330-T021504.raw": {"OriginalFileSize": 262148752, "CompresseFileSize": 53096151, "CompressRatio": 0.20254207046539743}}, "PFA_20200409_SCH302": {"D20200409-T193326.raw": {"OriginalFileSize": 262311716, "CompresseFileSize": 3349470, "CompressRatio": 0.012769044597306512}}, "PFA_20200418_ROS171": {"D20200418-T074250.raw": {"OriginalFileSize": 262160324, "CompresseFileSize": 44671246, "CompressRatio": 0.17039666917714064}}, "S2005114": {"tokt2005114-D20051118-T062010.raw": {"OriginalFileSize": 157302568, "CompresseFileSize": 18547733, "CompressRatio": 0.11791119010847935}}, "S2006101": {"tokt2006101-D20060124-T030844.raw": {"OriginalFileSize": 157294128, "CompresseFileSize": 48071272, "CompressRatio": 0.3056139006028248}}, "S2007205": {"2007205-D20070421-T085415.raw": {"OriginalFileSize": 104870108, "CompresseFileSize": 39860676, "CompressRatio": 0.3800956894218131}}, "S2009107": {"2009107-D20090522-T040634.raw": {"OriginalFileSize": 157296436, "CompresseFileSize": 33529875, "CompressRatio": 0.21316360276592664}}, "S2010205": {"2010205-D20100509-T174631.raw": {"OriginalFileSize": 104865832, "CompresseFileSize": 29626275, "CompressRatio": 0.2825159962493789}}, "S2010205_2": {"2010205-D20100421-T031013.raw": {"OriginalFileSize": 104858004, "CompresseFileSize": 11102416, "CompressRatio": 0.10588048195157329}}, "S2012817": {"2012837-D20120426-T103441.raw": {"OriginalFileSize": 58469772, "CompresseFileSize": 11007093, "CompressRatio": 0.18825270945130418}}, "S2012837": {"2012837-D20120426-T012626.raw": {"OriginalFileSize": 104868908, "CompresseFileSize": 27588344, "CompressRatio": 0.26307458069459444}}, "S2014119": {"2014119-D20141029-T172311.raw": {"OriginalFileSize": 157310564, "CompresseFileSize": 24683514, "CompressRatio": 0.15690944951414706}}, "S2014807": {"2014807-D20140429-T053318.raw": {"OriginalFileSize": 421317280, "CompresseFileSize": 43620178, "CompressRatio": 0.10353284821358383}}, "S2016837": {"2016837-D20160503-T093515.raw": {"OriginalFileSize": 104871028, "CompresseFileSize": 23744176, "CompressRatio": 0.2264131138296842}}, "S2016837_2": {"2016837-D20160509-T123318.raw": {"OriginalFileSize": 104862704, "CompresseFileSize": 31132367, "CompressRatio": 0.2968869370372139}}, "S2017838": {"2017838-D20170214-T162637.raw": {"OriginalFileSize": 104895092, "CompresseFileSize": 10015538, "CompressRatio": 0.09548147400452253}}, "S2017843": {"2017843-D20170502-T054826.raw": {"OriginalFileSize": 29564184, "CompresseFileSize": 3775985, "CompressRatio": 0.12772160395159224}}, "S2019842_PVENDLA_3206": {"D20190214-T194730.raw": {"OriginalFileSize": 128302144, "CompresseFileSize": 9395516, "CompressRatio": 0.07322961025499308}}, "S2020821": {"2020821-D20200426-T134013.raw": {"OriginalFileSize": 209728836, "CompresseFileSize": 41412951, "CompressRatio": 0.19745949956066128}}, "S2024002006_PJOHANHJORT_1019": {"2024002006-D20240513-T204721.raw": {"OriginalFileSize": 1048693596, "CompresseFileSize": 256093333, "CompressRatio": 0.24420224742175312}}}